{
  "id": "gw",
  "title": "Grimwood City Beta",
  "description": "System for the Grimwood City ",
  "authors": [
    {
      "name": "David Ward",
      "discord": "Grimwood_Games"
    }
  ],
  "url": "https://github.com/professorx00/gw",
  "license": "LICENSE.txt",
  "readme": "README.md",
  "bugs": "https://github.com/professorx00/gw/issues",
  "changelog": "CHANGELOG.md",
  "media": [
    {
      "type": "setup",
      "url": "systems/gw/assets/GrimwoodCityLogo.jpg",
      "thumbnail": "systems/gw/assets/GrimwoodCityLogo.jpg"
    }
  ],
  "version": "2.0.1",
  "compatibility": {
    "minimum": 11,
    "verified": "11.315"
  },
  "esmodules": ["module/grimwood.mjs"],
  "styles": ["css/grimwood.css"],
  "languages": [
    {
      "lang": "en",
      "name": "English",
      "path": "lang/en.json"
    }
  ],
  "flags": {
    "gw": {
      "targetNumber": 8
    }
  },
  "packs": [],
  "packFolders": [],
  "socket": false,
  "manifest": "https://github.com/professorx00/gw/releases/download/beta_4_2/system.json",
  "download": "https://github.com/professorx00/gw/releases/download/beta_4_2/gw.zip",
  "background": "systems/gw/assets/GrimwoodCityLogo.jpg",
  "gridDistance": 5,
  "gridUnits": "ft",
  "primaryTokenAttribute": "health",
  "secondaryTokenAttribute": "power"
}
