{
  "Actor": {
    "types": ["character", "npc", "vehicle"],
    "templates": {
      "base": {
        "toHit": 9,
        "biography": "",
        "DDie": 1,
        "StartingDDie": 1,
        "movement": 3,
        "powerDie": "d4",
        "shapeshift": false,
        "numAttacks": 1,
        "init": "d4",
        "arcane": {
          "base": 2,
          "current": 2,
          "def": 0
        },
        "physical": {
          "base": 2,
          "current": 2,
          "def": 0
        },
        "mental": {
          "base": 2,
          "current": 2,
          "def": 0
        }
      }
    },
    "character": {
      "templates": ["base"],
      "damageBonus": 0,
      "attributes": {
        "level": {
          "value": 1
        }
      },
      "species": "",
      "class": "",
      "banes": 0
    },
    "npc": {
      "templates": ["base"],
      "power": {
        "base": 10,
        "current": 10
      },
      "health": {
        "base": 10,
        "current": 10
      },
      "weakness": [],
      "resistance": []
    },
    "vehicle": {
      "biography": "",
      "toHit": 8,
      "movement": 2,
      "init": 1,
      "armor": {
        "current": 0,
        "base": 0
      },
      "vpool": {
        "current": 0,
        "base": 0
      }
    }
  },
  "Item": {
    "types": [
      "weapon",
      "scroll",
      "wand",
      "defense",
      "consumable",
      "feat",
      "flaws",
      "item",
      "vehicle-parts",
      "fighting-stances",
      "magical-society",
      "npc-ability",
      "classes",
      "species"
    ],
    "templates": {
      "base": {
        "description": "",
        "equipped": false,
        "session": false,
        "scene": false
      }
    },
    "item": {
      "templates": ["base"],
      "quantity": 1,
      "weight": 0
    },
    "weapon": {
      "templates": ["base"],
      "quantity": 1,
      "weight": 0,
      "formula": "1d4",
      "range": "Close",
      "lmh": "Light",
      "isRangedWeapon": false,
      "hasBoon": false,
      "pool": "physical",
      "clips": {
        "current": 1,
        "base": 1
      }
    },
    "defense": {
      "templates": ["base"],
      "quantity": 1,
      "weight": 0,
      "bonus": 0,
      "style": "Armor",
      "lmh": "Light",
      "pool": "physical"
    },
    "feat": {
      "templates": ["base"],
      "position": "side",
      "source": "",
      "pool": "",
      "formula": "",
      "passive": true
    },
    "flaws": {
      "templates": ["base"],
      "position": "side",
      "source": "",
      "pool": "",
      "formula": "",
      "passive": true
    },
    "vehicle-parts": {
      "templates": ["base"],
      "quantity": 1
    },
    "fighting-stances": {
      "templates": ["base"],
      "active": false
    },
    "magical-society": {
      "templates": ["base"],
      "pool": "arcane"
    },
    "scroll": {
      "templates": ["base"],
      "quantity": 1,
      "weight": 0,
      "powerPoints": 1,
      "pool": "arcane",
      "formula": ""
    },
    "wand": {
      "templates": ["base"],
      "quantity": 1,
      "weight": 0,
      "powerPoints": 1,
      "pool": "arcane",
      "formula": "",
      "hasBoon": false
    },
    "consumable": {
      "templates": ["base"],
      "quantity": 1,
      "weight": 0,
      "formula": "",
      "pool": "physical"
    },
    "npc-ability": {
      "templates": ["base"],
      "poolCost": 0,
      "formula": ""
    },
    "classes": {
      "templates": ["base"]
    },
    "species": {
      "templates": ["base"]
    }
  }
}
